Team,Title,Project URL,Image URL,Description
Team 01,Project 01 title placeholder,,https://developers.elementor.com/docs/assets/img/elementor-placeholder-image.png,Dummy text.
Team 02,Project 02 title placeholder,,https://developers.elementor.com/docs/assets/img/elementor-placeholder-image.png,Dummy text.
Team 03,Project 03 title placeholder,,https://developers.elementor.com/docs/assets/img/elementor-placeholder-image.png,Dummy text.
Team 04,Project 04 title placeholder,,https://developers.elementor.com/docs/assets/img/elementor-placeholder-image.png,Dummy text.
Team 05,Project 05 title placeholder,,https://developers.elementor.com/docs/assets/img/elementor-placeholder-image.png,Dummy text.
Team 06,Project 06 title placeholder,,https://developers.elementor.com/docs/assets/img/elementor-placeholder-image.png,Dummy text.
Team 07,Project 07 title placeholder,,https://developers.elementor.com/docs/assets/img/elementor-placeholder-image.png,Dummy text.
Team 08,Project 08 title placeholder,,https://developers.elementor.com/docs/assets/img/elementor-placeholder-image.png,Dummy text.
Team 09,Project 09 title placeholder,,https://developers.elementor.com/docs/assets/img/elementor-placeholder-image.png,Dummy text.
Team 10,Project 10 title placeholder,,https://developers.elementor.com/docs/assets/img/elementor-placeholder-image.png,Dummy text.
Team 11,Project 11 title placeholder,,https://developers.elementor.com/docs/assets/img/elementor-placeholder-image.png,Dummy text.
Team 12,Project 12 title placeholder,,https://developers.elementor.com/docs/assets/img/elementor-placeholder-image.png,Dummy text.
Team 13,Project 13 title placeholder,,https://developers.elementor.com/docs/assets/img/elementor-placeholder-image.png,Dummy text.
Team 14,Project 14 title placeholder,,https://developers.elementor.com/docs/assets/img/elementor-placeholder-image.png,Dummy text.
Team 15,Project 15 title placeholder,,https://developers.elementor.com/docs/assets/img/elementor-placeholder-image.png,Dummy text.
Team 16,Project 16 title placeholder,,https://developers.elementor.com/docs/assets/img/elementor-placeholder-image.png,Dummy text.
Team 17,Project 17 title placeholder,,https://developers.elementor.com/docs/assets/img/elementor-placeholder-image.png,Dummy text.
